,Electric Range,Legislative District,Model Year
3,208,41.0,2013
60,208,26.0,2013
88,208,38.0,2014
181,93,21.0,2016
199,111,32.0,2018
265,93,23.0,2016
276,208,37.0,2014
282,15,41.0,2019
295,208,47.0,2013
339,208,41.0,2014
367,208,48.0,2013
374,93,46.0,2017
437,208,43.0,2013
514,208,43.0,2013
519,93,32.0,2016
521,14,1.0,2017
531,12,46.0,2019
548,93,22.0,2016
640,208,43.0,2014
668,93,17.0,2016
669,208,48.0,2013
742,208,41.0,2014
766,93,45.0,2016
777,208,41.0,2013
781,17,35.0,2019
804,12,18.0,2019
855,208,23.0,2013
883,17,45.0,2018
927,208,35.0,2013
952,208,45.0,2014
953,19,43.0,2018
1038,208,48.0,2013
1045,93,46.0,2017
1108,12,43.0,2019
1111,208,1.0,2013
1124,17,45.0,2019
1125,19,43.0,2018
1160,14,36.0,2017
1161,14,45.0,2018
1187,14,48.0,2017
1220,245,23.0,2010
1287,208,46.0,2013
1362,208,37.0,2014
1408,93,1.0,2016
1475,15,32.0,2019
1582,208,45.0,2013
1619,12,23.0,2018
1703,208,47.0,2014
1734,265,22.0,2012
1757,93,22.0,2016
1800,208,30.0,2014
1967,17,45.0,2018
2021,93,41.0,2016
2043,17,1.0,2019
2056,16,36.0,2018
2078,93,43.0,2016
2094,14,17.0,2018
2111,32,32.0,2019
2119,208,35.0,2014
2194,220,26.0,2008
2195,208,41.0,2013
2219,93,46.0,2016
2224,208,48.0,2014
2251,208,22.0,2014
2308,208,11.0,2013
2382,93,36.0,2016
2392,265,32.0,2012
2437,208,36.0,2013
2457,93,45.0,2016
2516,208,5.0,2013
2520,208,46.0,2013
2583,111,46.0,2018
2611,14,11.0,2017
2667,208,48.0,2013
2678,93,48.0,2016
2749,208,48.0,2013
2756,19,46.0,2018
2762,208,48.0,2014
2773,14,17.0,2018
2784,93,46.0,2017
2808,208,12.0,2014
2809,12,48.0,2019
2816,93,6.0,2016
2852,208,23.0,2013
2854,208,17.0,2014
2906,16,43.0,2019
3019,208,32.0,2013
3069,93,47.0,2016
3116,208,45.0,2014
3149,32,18.0,2019
3204,111,32.0,2018
3337,208,33.0,2014
3347,14,41.0,2018
3426,245,45.0,2011
3489,14,36.0,2018
3503,208,46.0,2014
3586,32,32.0,2019
3605,93,11.0,2016
3667,208,43.0,2013
3677,265,48.0,2012
3706,208,43.0,2014
3707,15,48.0,2019
3709,208,48.0,2013
3849,208,17.0,2014
3855,17,18.0,2018
3864,17,41.0,2019
3924,93,46.0,2016
3939,32,45.0,2019
3949,15,34.0,2019
3965,208,45.0,2014
4032,208,32.0,2013
4062,208,26.0,2013
4145,208,43.0,2013
4151,17,43.0,2019
4291,14,45.0,2018
4403,265,49.0,2012
4417,265,21.0,2012
4439,14,41.0,2018
4527,93,11.0,2017
4576,208,47.0,2014
4650,208,41.0,2014
4654,208,35.0,2013
4686,208,46.0,2014
4689,265,48.0,2012
4693,15,37.0,2019
4745,14,45.0,2017
4771,17,48.0,2019
4973,14,45.0,2018
5017,265,48.0,2012
5079,208,43.0,2013
5100,208,22.0,2013
5125,208,24.0,2013
5156,93,33.0,2016
5160,14,44.0,2018
5181,208,36.0,2014
5239,208,15.0,2013
5306,93,45.0,2016
5314,208,45.0,2014
5335,208,18.0,2013
5337,14,47.0,2018
5394,245,48.0,2010
5466,14,45.0,2018
5521,208,48.0,2014
5543,265,48.0,2012
5569,93,46.0,2016
5600,93,46.0,2016
5630,208,41.0,2014
5635,220,32.0,2008
5643,111,46.0,2018
5695,93,46.0,2017
5700,93,1.0,2016
5852,245,36.0,2010
5865,208,1.0,2013
5891,208,1.0,2014
5897,208,48.0,2013
5901,17,37.0,2019
5915,14,1.0,2018
5939,208,41.0,2013
5960,32,48.0,2019
6108,208,46.0,2013
6140,17,48.0,2018
6179,93,46.0,2016
6241,12,23.0,2019
6297,93,46.0,2016
6301,14,48.0,2018
6311,208,35.0,2013
6414,17,23.0,2018
6419,208,45.0,2013
6462,208,1.0,2014
6495,265,26.0,2012
6523,208,45.0,2013
6634,14,34.0,2018
6659,265,46.0,2012
6666,32,34.0,2019
6702,16,41.0,2019
6790,93,11.0,2016
6834,208,11.0,2014
6866,12,22.0,2018
6870,12,18.0,2019
6941,17,32.0,2019
6967,14,48.0,2018
7121,14,43.0,2019
7151,208,45.0,2013
7248,93,45.0,2017
7305,17,47.0,2018
7436,208,34.0,2014
7442,16,11.0,2019
7474,208,32.0,2013
7476,14,32.0,2016
7484,15,45.0,2019
7519,12,48.0,2019
7535,208,43.0,2013
7660,19,23.0,2018
7764,111,1.0,2018
7780,208,48.0,2014
7792,19,48.0,2018
7890,93,1.0,2016
8015,19,45.0,2018
8041,208,47.0,2013
8053,17,46.0,2018
8056,19,48.0,2018
8124,14,49.0,2017
8127,208,17.0,2014
8139,93,35.0,2016
8144,208,48.0,2013
8192,17,43.0,2018
8220,32,49.0,2019
8243,14,44.0,2017
8308,93,17.0,2016
8366,14,37.0,2018
8402,208,17.0,2014
8411,93,48.0,2016
8452,208,48.0,2014
8458,208,37.0,2014
8459,93,44.0,2016
8467,208,45.0,2013
8609,33,44.0,2012
8647,14,1.0,2018
8720,14,23.0,2016
8855,12,32.0,2018
8933,208,21.0,2013
8972,17,34.0,2018
8993,93,23.0,2016
9106,14,46.0,2018
9107,32,45.0,2019
9130,15,41.0,2019
9208,208,41.0,2014
9212,93,26.0,2016
9228,208,43.0,2013
9260,208,43.0,2014
9264,208,48.0,2014
9294,19,48.0,2018
9354,93,23.0,2016
9372,93,45.0,2016
9416,208,45.0,2013
9430,208,5.0,2013
9440,93,18.0,2016
9530,208,45.0,2014
9558,93,47.0,2016
9569,265,41.0,2012
9581,208,46.0,2014
9623,93,1.0,2016
9646,265,37.0,2012
9743,208,17.0,2013
9746,93,5.0,2016
9788,16,23.0,2019
9820,208,45.0,2013
9849,93,34.0,2016
9855,208,34.0,2014
9922,93,46.0,2016
9925,208,18.0,2014
9937,208,48.0,2014
10092,93,48.0,2016
10122,93,36.0,2016
10125,14,19.0,2018
10247,14,11.0,2018
10249,208,43.0,2013
10304,208,41.0,2014
10334,93,32.0,2016
10395,208,43.0,2013
10399,14,44.0,2017
10443,208,45.0,2013
10455,208,49.0,2014
10555,208,48.0,2013
10565,14,2.0,2018
10597,93,1.0,2016
10808,93,11.0,2016
10923,208,48.0,2014
11094,93,37.0,2017
11115,208,36.0,2013
11241,12,48.0,2019
11252,14,17.0,2020
11381,208,11.0,2014
11506,93,48.0,2016
11507,208,48.0,2013
11568,32,23.0,2019
11584,17,17.0,2018
11693,14,11.0,2017
11694,208,41.0,2014
11735,93,45.0,2016
11857,14,19.0,2018
11946,93,49.0,2016
11970,208,48.0,2014
12031,208,41.0,2013
12084,19,48.0,2018
12096,208,37.0,2013
12113,265,18.0,2012
12115,265,43.0,2012
12120,208,34.0,2013
12127,208,48.0,2013
12132,265,41.0,2012
12138,208,45.0,2014
12174,17,45.0,2018
12187,208,17.0,2013
12193,208,48.0,2014
12227,12,17.0,2019
12238,208,41.0,2014
12409,17,43.0,2018
12415,208,48.0,2014
12418,93,46.0,2016
12420,93,41.0,2017
12492,208,41.0,2013
12600,245,1.0,2010
12658,208,37.0,2013
12675,245,41.0,2010
12712,93,17.0,2017
12726,208,41.0,2013
12758,208,33.0,2013
12772,208,32.0,2013
12796,208,32.0,2014
12846,208,1.0,2013
12981,208,41.0,2013
12995,208,41.0,2013
13010,265,18.0,2012
13035,93,45.0,2017
13046,208,43.0,2014
13053,208,41.0,2013
13054,14,35.0,2018
13072,14,11.0,2018
13146,208,41.0,2013
13161,93,37.0,2016
13213,208,18.0,2014
13244,265,48.0,2012
13255,208,23.0,2013
13285,208,23.0,2013
13308,208,48.0,2014
13449,208,43.0,2014
13549,208,34.0,2014
13579,208,48.0,2014
13588,12,11.0,2019
13592,19,43.0,2018
13663,208,48.0,2013
13675,93,46.0,2016
13698,93,44.0,2016
13735,208,23.0,2013
13744,32,43.0,2019
13753,17,1.0,2018
13756,208,37.0,2014
13830,208,48.0,2014
13850,93,45.0,2017
13862,208,15.0,2014
13876,208,48.0,2013
13927,208,45.0,2014
13977,93,32.0,2017
14006,208,46.0,2013
14038,208,41.0,2014
14041,17,23.0,2018
14157,14,5.0,2018
14223,93,26.0,2017
14227,208,11.0,2014
14238,14,44.0,2018
14265,208,2.0,2013
14302,208,48.0,2014
14373,93,48.0,2016
14432,208,18.0,2013
14434,93,1.0,2016
14508,93,30.0,2016
14535,93,36.0,2016
14546,93,1.0,2016
14585,208,41.0,2013
14667,265,45.0,2012
14679,14,18.0,2018
14697,14,48.0,2018
14755,208,41.0,2013
14890,208,1.0,2014
14899,93,41.0,2017
14903,14,35.0,2017
14932,208,34.0,2013
14970,208,34.0,2014
15023,14,43.0,2018
15037,208,47.0,2013
15072,208,43.0,2013
15106,208,45.0,2014
15117,17,43.0,2018
15177,208,41.0,2014
15182,12,2.0,2018
15229,93,45.0,2016
15246,32,23.0,2019
15270,14,23.0,2018
15318,265,48.0,2012
15358,14,46.0,2018
15399,111,18.0,2018
15443,208,41.0,2013
15446,93,32.0,2017
15451,12,43.0,2018
15458,14,41.0,2017
15506,208,36.0,2014
15530,265,23.0,2012
15540,208,47.0,2014
15557,245,43.0,2010
15563,265,48.0,2012
15588,208,48.0,2013
15622,208,5.0,2013
15660,14,23.0,2018
15676,208,23.0,2014
15706,220,45.0,2008
15714,245,17.0,2010
15715,17,1.0,2019
15825,32,45.0,2019
15905,208,41.0,2014
15964,208,5.0,2013
15974,208,47.0,2013
15989,17,7.0,2018
16062,208,49.0,2013
16083,93,31.0,2016
16215,208,48.0,2014
16246,93,46.0,2016
16420,17,17.0,2019
16457,208,47.0,2013
16477,93,40.0,2017
16512,14,2.0,2017
16543,208,45.0,2013
16549,208,41.0,2014
16622,14,18.0,2018
16796,111,45.0,2018
16797,16,45.0,2019
16814,93,46.0,2017
16868,32,1.0,2019
16883,14,41.0,2018
16993,208,45.0,2013
17074,208,46.0,2013
17105,208,5.0,2014
17175,208,41.0,2013
17254,14,45.0,2020
17302,14,11.0,2017
17494,208,48.0,2013
17524,19,10.0,2018
17533,208,41.0,2014
17554,208,20.0,2013
17579,208,23.0,2013
17655,93,47.0,2016
17660,93,48.0,2016
17701,17,37.0,2019
17796,208,46.0,2014
17810,265,41.0,2012
17813,208,37.0,2013
17836,208,41.0,2014
17898,93,48.0,2016
17936,208,45.0,2014
17941,15,41.0,2019
18001,17,37.0,2019
18037,93,45.0,2016
18070,93,47.0,2016
18187,208,48.0,2013
18204,32,48.0,2019
18336,208,18.0,2013
18339,208,46.0,2014
18385,93,23.0,2016
18405,208,47.0,2014
18428,208,48.0,2013
18442,19,49.0,2018
18457,93,45.0,2017
18469,14,17.0,2018
18502,32,45.0,2019
18565,208,17.0,2013
18595,93,49.0,2016
18620,208,30.0,2013
18696,208,23.0,2014
18698,17,1.0,2019
18717,17,44.0,2018
18779,16,48.0,2018
18854,14,46.0,2017
18889,19,45.0,2018
18931,208,45.0,2013
19072,14,34.0,2018
19108,208,36.0,2014
19144,208,32.0,2013
19222,14,36.0,2018
19284,208,36.0,2013
19286,14,34.0,2018
19376,208,48.0,2013
19488,15,11.0,2019
19509,208,41.0,2014
19535,208,30.0,2014
19563,16,37.0,2018
19567,265,47.0,2012
19623,208,32.0,2014
19671,14,37.0,2018
19684,208,11.0,2014
19841,93,36.0,2016
19853,208,5.0,2013
19940,208,36.0,2013
19969,19,37.0,2018
19976,208,45.0,2014
19979,208,36.0,2014
20063,111,11.0,2018
20106,208,18.0,2014
20124,208,48.0,2014
20152,265,37.0,2012
20205,208,48.0,2014
20388,17,18.0,2019
20436,208,33.0,2013
20507,208,36.0,2014
20608,208,18.0,2013
20694,93,48.0,2017
20696,93,35.0,2016
20730,208,48.0,2014
20773,208,30.0,2013
20797,208,41.0,2014
20807,208,43.0,2013
20868,14,17.0,2017
20889,208,47.0,2014
20914,17,43.0,2018
21017,15,41.0,2019
21062,17,18.0,2018
21073,14,22.0,2018
21084,208,41.0,2013
21092,208,36.0,2013
21144,14,46.0,2018
21180,208,17.0,2013
21187,93,48.0,2017
21252,111,5.0,2018
21296,208,45.0,2013
21320,208,33.0,2014
21516,208,48.0,2014
21606,19,46.0,2018
21614,208,30.0,2014
21640,14,22.0,2017
21679,208,43.0,2013
21746,265,36.0,2012
21836,93,35.0,2016
21879,12,36.0,2018
22014,208,41.0,2014
22020,93,34.0,2016
22073,93,23.0,2016
22086,208,45.0,2014
22124,208,1.0,2014
22143,15,41.0,2019
22196,17,17.0,2019
22203,208,41.0,2013
22254,12,36.0,2019
22309,17,41.0,2018
22317,265,41.0,2012
22321,93,35.0,2016
22335,15,48.0,2019
22364,93,23.0,2016
22385,208,49.0,2013
22397,16,47.0,2019
22436,93,36.0,2016
22452,208,43.0,2013
22486,208,48.0,2014
22513,14,34.0,2017
22519,208,1.0,2014
22521,14,18.0,2018
22551,93,5.0,2016
22554,17,36.0,2019
22557,208,1.0,2014
22643,14,23.0,2018
22685,220,37.0,2008
22751,208,45.0,2014
22753,208,46.0,2013
22769,14,41.0,2020
22833,17,34.0,2018
22961,111,48.0,2018
22983,208,45.0,2014
23000,19,43.0,2018
23011,208,46.0,2014
23074,208,5.0,2013
23077,208,38.0,2013
23100,208,23.0,2014
23140,208,1.0,2014
23160,17,43.0,2019
23208,208,1.0,2014
23286,208,37.0,2013
23324,93,47.0,2016
23354,208,41.0,2013
23363,16,41.0,2018
23405,208,45.0,2013
23436,93,11.0,2016
23457,265,20.0,2012
23471,111,46.0,2018
23479,208,41.0,2014
23523,14,33.0,2018
23549,14,1.0,2018
23566,208,18.0,2014
23641,208,35.0,2013
23688,208,49.0,2013
23717,208,48.0,2013
23790,208,11.0,2014
23798,208,23.0,2014
23799,208,46.0,2013
23851,16,24.0,2018
23863,208,45.0,2013
23908,15,45.0,2019
23911,208,10.0,2013
23914,208,30.0,2014
23947,32,47.0,2019
23977,265,1.0,2012
23989,208,48.0,2013
24067,208,19.0,2013
24096,12,36.0,2019
24111,208,41.0,2013
24176,17,43.0,2019
24208,208,1.0,2013
24213,208,19.0,2014
24216,208,45.0,2014
24252,111,45.0,2018
24274,93,45.0,2016
24328,93,18.0,2017
24332,208,45.0,2014
24374,208,36.0,2013
24443,12,36.0,2019
24457,208,36.0,2014
24505,111,32.0,2018
24558,265,48.0,2012
24588,208,48.0,2013
24619,14,5.0,2018
24651,220,36.0,2008
24685,208,5.0,2014
24722,208,17.0,2014
24747,208,33.0,2014
24765,93,22.0,2016
24866,208,45.0,2013
24868,14,41.0,2018
24931,208,31.0,2013
25054,265,37.0,2012
25061,208,32.0,2013
25096,93,18.0,2016
25100,12,43.0,2019
25117,208,18.0,2014
25268,208,5.0,2013
25285,93,36.0,2016
25362,33,41.0,2012
25403,208,14.0,2013
25431,208,32.0,2013
25443,208,33.0,2014
25484,208,47.0,2014
25495,93,1.0,2017
25503,93,17.0,2016
25543,111,48.0,2018
25554,17,48.0,2019
25561,208,41.0,2013
25619,208,5.0,2013
25710,14,41.0,2017
25713,93,48.0,2016
25733,208,36.0,2013
25853,208,37.0,2014
25858,208,45.0,2013
25862,14,22.0,2016
25910,14,14.0,2018
25972,208,49.0,2014
25975,208,43.0,2013
25993,32,36.0,2019
26034,14,18.0,2018
26140,208,33.0,2014
26163,12,48.0,2019
26240,17,43.0,2018
26354,14,18.0,2017
26360,208,10.0,2013
26381,93,5.0,2016
26424,16,45.0,2018
26473,208,32.0,2013
26493,208,18.0,2013
26529,14,45.0,2018
26550,17,24.0,2019
26584,17,43.0,2019
26626,93,45.0,2016
26671,14,48.0,2018
26733,17,46.0,2018
26861,93,33.0,2017
26874,93,37.0,2016
26919,93,41.0,2017
27029,93,23.0,2016
27061,14,41.0,2018
27080,12,48.0,2018
27085,111,48.0,2018
27107,265,37.0,2012
27119,14,11.0,2018
27175,14,41.0,2017
27216,208,20.0,2013
27236,17,41.0,2019
27269,12,5.0,2019
27292,208,41.0,2013
27492,17,36.0,2018
27567,208,41.0,2014
27594,111,46.0,2018
27626,17,32.0,2018
27644,14,23.0,2018
27664,208,39.0,2014
27791,208,37.0,2014
27807,12,23.0,2018
27817,17,45.0,2018
27838,208,48.0,2013
27909,208,39.0,2014
27936,208,1.0,2013
27938,17,32.0,2018
27977,93,22.0,2016
27980,208,48.0,2014
28016,265,1.0,2012
28057,208,43.0,2014
28090,93,32.0,2016
28155,16,5.0,2018
28168,208,43.0,2013
28201,12,45.0,2018
28255,93,32.0,2017
28277,208,17.0,2013
28350,14,47.0,2018
28452,208,45.0,2014
28567,208,36.0,2013
28593,16,45.0,2018
28629,15,37.0,2019
28630,208,49.0,2013
28796,208,48.0,2013
28849,208,47.0,2013
28909,208,41.0,2013
28911,12,36.0,2019
29001,14,36.0,2017
29026,265,48.0,2012
29043,32,1.0,2019
29053,93,34.0,2016
29085,208,33.0,2014
29240,17,37.0,2018
29303,208,48.0,2014
29313,208,5.0,2014
29345,208,20.0,2014
29370,265,17.0,2012
29382,12,36.0,2019
29403,19,43.0,2018
29494,208,33.0,2013
29522,208,36.0,2014
29525,208,36.0,2014
29578,19,23.0,2018
29613,208,48.0,2013
29627,93,48.0,2016
29673,208,46.0,2014
29679,17,17.0,2018
29817,14,22.0,2017
29881,208,48.0,2014
29936,32,18.0,2019
30006,12,37.0,2018
30069,208,41.0,2014
30118,208,45.0,2014
30125,93,33.0,2016
30130,12,33.0,2019
30162,208,5.0,2014
30193,208,41.0,2014
30197,93,37.0,2017
30209,208,46.0,2013
30230,19,41.0,2018
30286,17,46.0,2019
30422,14,48.0,2017
30457,17,36.0,2018
30495,93,1.0,2017
30516,208,47.0,2013
30575,208,45.0,2014
30665,265,48.0,2012
30702,208,37.0,2013
30711,93,37.0,2017
30795,245,45.0,2011
30820,208,46.0,2013
30854,31,34.0,2018
30858,208,23.0,2014
30879,16,37.0,2018
30894,93,32.0,2017
30958,32,43.0,2019
31005,93,48.0,2016
31094,208,30.0,2013
31202,265,43.0,2012
31211,208,5.0,2014
31221,17,1.0,2019
31233,17,2.0,2018
31243,17,45.0,2019
31252,208,34.0,2013
31276,93,32.0,2016
31277,15,11.0,2019
31290,208,41.0,2014
31475,208,48.0,2013
31513,208,18.0,2014
31553,208,45.0,2014
31641,111,32.0,2018
31680,208,41.0,2013
31854,208,39.0,2013
31886,19,33.0,2018
32049,14,36.0,2018
32073,208,36.0,2014
32086,14,48.0,2018
32100,93,1.0,2016
32300,12,17.0,2019
32333,17,43.0,2019
32375,12,45.0,2018
32421,208,37.0,2013
32489,208,36.0,2013
32492,208,32.0,2013
32494,93,10.0,2017
32498,14,30.0,2018
32523,32,37.0,2019
32541,17,41.0,2019
32594,93,46.0,2016
32662,93,48.0,2017
32674,208,37.0,2014
32765,17,46.0,2019
32889,208,47.0,2013
32954,93,47.0,2016
32957,208,18.0,2013
32959,16,33.0,2018
32978,208,41.0,2013
33087,19,33.0,2018
33229,14,18.0,2018
33259,208,41.0,2013
33366,14,18.0,2017
33372,208,30.0,2014
33378,14,10.0,2017
33406,265,18.0,2012
33619,19,1.0,2018
33667,208,47.0,2014
33675,208,36.0,2013
33682,93,22.0,2017
33875,208,41.0,2013
33876,93,33.0,2016
33913,14,47.0,2017
33991,111,5.0,2018
34127,12,41.0,2019
34144,208,20.0,2013
34152,12,5.0,2019
34210,208,32.0,2014
34274,14,5.0,2018
34290,16,45.0,2018
34343,93,23.0,2017
34347,14,47.0,2018
34348,14,45.0,2017
34381,17,36.0,2018
34384,93,5.0,2017
34437,17,45.0,2019
34609,208,5.0,2014
34632,208,33.0,2014
34733,93,37.0,2016
34788,208,41.0,2013
34819,17,36.0,2019
34835,14,36.0,2017
34855,265,22.0,2012
34888,208,45.0,2013
34980,16,34.0,2018
35097,16,32.0,2018
35111,93,33.0,2017
35130,208,45.0,2014
35151,93,32.0,2016
35176,17,34.0,2018
35249,265,32.0,2012
35280,12,36.0,2019
35359,208,48.0,2014
35404,208,46.0,2014
35421,208,44.0,2014
35440,208,46.0,2013
35473,208,45.0,2013
35480,93,11.0,2016
35495,93,32.0,2016
35512,93,18.0,2016
35604,208,22.0,2013
35648,265,48.0,2012
35712,208,18.0,2013
35746,93,49.0,2017
35763,208,43.0,2013
35845,245,43.0,2010
35861,17,23.0,2018
35891,14,17.0,2018
35921,14,44.0,2018
36004,93,48.0,2017
36011,208,47.0,2014
36131,19,45.0,2018
36181,93,45.0,2017
36207,14,1.0,2018
36270,17,43.0,2019
36406,93,41.0,2016
36528,17,41.0,2019
36542,17,37.0,2019
36585,12,1.0,2019
36610,208,31.0,2013
36621,14,41.0,2018
36635,16,41.0,2018
36674,208,33.0,2013
36756,93,33.0,2017
36761,14,41.0,2018
36771,265,41.0,2012
36842,208,17.0,2014
36856,14,45.0,2018
36865,19,43.0,2018
36956,93,45.0,2017
36991,208,45.0,2014
36993,208,49.0,2013
37016,93,5.0,2017
37051,208,46.0,2014
37061,16,33.0,2018
37078,208,18.0,2013
37093,17,46.0,2019
37099,208,46.0,2014
37117,208,34.0,2013
37135,208,18.0,2013
37187,14,45.0,2018
37224,208,45.0,2013
37274,93,48.0,2017
37373,208,43.0,2013
37404,208,32.0,2013
37519,208,43.0,2014
37574,32,37.0,2019
37732,208,47.0,2014
37734,14,26.0,2018
37820,111,49.0,2018
37832,93,36.0,2017
37944,208,5.0,2014
37960,245,30.0,2010
38012,208,22.0,2013
38014,12,5.0,2018
38065,32,41.0,2019
38073,93,48.0,2016
38076,208,26.0,2013
38113,14,48.0,2017
38305,93,36.0,2016
38309,14,43.0,2017
38317,93,43.0,2016
38338,93,46.0,2017
38343,93,34.0,2016
38405,208,46.0,2014
38454,208,36.0,2014
38460,208,45.0,2014
38496,111,37.0,2018
38498,93,47.0,2016
38537,14,34.0,2018
38543,14,45.0,2018
38598,265,22.0,2012
38610,14,32.0,2018
38654,208,24.0,2013
38749,208,41.0,2014
38776,208,23.0,2013
38820,208,46.0,2013
38934,208,46.0,2013
39117,208,11.0,2014
39126,265,37.0,2012
39131,93,43.0,2016
39133,16,23.0,2019
39140,93,18.0,2017
39203,208,46.0,2013
39328,208,48.0,2014
39346,93,35.0,2016
39360,208,46.0,2013
39469,93,17.0,2017
39482,208,22.0,2014
39537,17,36.0,2018
39587,208,37.0,2013
39658,208,30.0,2014
39682,208,37.0,2014
39731,208,46.0,2014
39782,208,14.0,2014
39791,208,47.0,2014
39805,208,41.0,2013
39905,208,48.0,2014
39937,208,46.0,2014
39972,93,36.0,2016
40026,17,36.0,2019
40033,16,45.0,2019
40034,208,37.0,2013
40052,208,46.0,2013
40080,111,36.0,2018
40181,31,43.0,2018
40244,14,41.0,2017
40254,14,48.0,2020
40283,208,37.0,2014
40299,208,22.0,2014
40358,208,34.0,2013
40363,208,45.0,2014
40447,93,22.0,2017
40470,208,23.0,2014
40502,208,34.0,2013
40508,32,33.0,2019
40543,208,18.0,2014
40569,16,18.0,2019
40570,208,41.0,2013
40585,14,48.0,2020
40596,93,49.0,2016
40781,208,11.0,2013
40813,17,36.0,2019
40852,265,19.0,2012
40866,265,45.0,2012
40962,111,21.0,2018
40972,208,46.0,2014
40991,208,11.0,2013
41004,15,37.0,2019
41043,19,36.0,2018
41064,265,36.0,2012
41071,208,15.0,2014
41136,17,36.0,2018
41171,14,41.0,2018
41187,208,5.0,2013
41263,14,36.0,2017
41271,32,36.0,2019
41312,93,34.0,2016
41376,208,35.0,2014
41377,17,46.0,2019
41391,14,48.0,2018
41403,93,11.0,2017
41455,208,20.0,2013
41502,208,36.0,2014
41519,208,23.0,2013
41527,93,48.0,2016
41633,14,11.0,2017
41636,14,21.0,2018
41706,208,36.0,2014
41734,93,48.0,2017
41747,208,46.0,2013
41836,93,22.0,2016
41873,12,46.0,2019
41888,208,18.0,2014
41976,208,48.0,2013
41978,111,17.0,2018
41980,12,48.0,2015
42076,32,41.0,2019
42197,208,49.0,2014
42254,208,22.0,2013
42285,208,45.0,2014
42319,93,46.0,2017
42489,111,37.0,2018
42490,208,46.0,2014
42501,220,46.0,2008
42571,208,22.0,2014
42582,208,48.0,2014
42700,208,18.0,2014
42719,14,37.0,2020
42748,208,46.0,2013
42827,111,5.0,2018
42891,14,48.0,2018
42932,14,21.0,2018
43040,17,34.0,2018
43128,208,46.0,2013
43190,12,37.0,2018
43222,208,43.0,2014
43232,32,23.0,2019
43256,208,46.0,2014
43303,32,26.0,2019
43354,17,43.0,2019
43389,93,48.0,2016
43390,208,46.0,2013
43444,208,45.0,2013
43473,208,1.0,2014
43537,208,48.0,2014
43543,17,48.0,2018
43591,208,44.0,2013
43617,208,33.0,2013
43675,17,18.0,2019
43715,208,36.0,2013
43745,14,11.0,2018
43766,14,41.0,2018
43771,93,43.0,2016
43791,93,43.0,2016
43807,14,47.0,2017
43824,19,48.0,2018
43835,208,41.0,2013
43846,19,36.0,2018
43934,17,46.0,2018
43974,208,34.0,2013
44050,33,5.0,2012
44085,208,48.0,2014
44093,17,41.0,2018
44216,208,37.0,2014
44275,208,18.0,2013
44286,208,37.0,2014
44330,17,26.0,2018
44387,208,46.0,2014
44488,208,43.0,2013
44498,208,34.0,2013
44519,17,17.0,2019
44526,208,49.0,2013
44562,208,45.0,2013
44626,15,41.0,2019
44658,208,45.0,2013
44690,17,46.0,2019
44774,14,43.0,2018
44933,93,31.0,2016
44935,17,46.0,2019
44964,208,18.0,2014
44976,17,17.0,2019
45011,14,22.0,2018
45016,19,48.0,2018
45079,14,5.0,2018
45086,16,48.0,2019
45148,208,18.0,2013
45212,208,37.0,2013
45231,208,46.0,2014
45253,17,36.0,2018
45326,32,37.0,2019
45382,17,22.0,2019
45417,12,43.0,2019
45442,14,18.0,2018
45451,208,41.0,2013
45471,93,45.0,2017
45538,208,23.0,2014
45650,14,37.0,2018
45721,208,34.0,2014
45808,14,48.0,2017
45846,208,22.0,2013
45878,32,34.0,2019
45883,208,37.0,2013
45928,208,37.0,2013
46034,208,33.0,2013
46086,17,48.0,2019
46100,208,23.0,2013
46170,14,18.0,2018
46173,208,43.0,2013
46204,19,41.0,2018
46210,14,24.0,2017
46252,111,35.0,2018
46264,14,30.0,2017
46266,14,49.0,2017
46411,208,46.0,2014
46445,12,26.0,2019
46484,208,11.0,2013
46497,93,37.0,2016
46562,208,24.0,2013
46567,14,44.0,2018
46685,265,24.0,2012
46690,100,22.0,2010
46754,93,36.0,2017
46760,265,41.0,2012
46781,208,41.0,2014
46786,12,36.0,2018
46811,208,41.0,2014
46839,14,18.0,2018
46916,208,18.0,2013
46950,93,45.0,2016
47059,208,5.0,2013
47112,12,35.0,2019
47211,93,41.0,2017
47226,208,48.0,2014
47248,208,41.0,2013
47276,208,34.0,2014
47433,93,41.0,2016
47457,208,41.0,2014
47518,208,37.0,2014
47566,17,41.0,2018
47599,265,11.0,2012
47616,17,23.0,2019
47624,16,36.0,2018
47626,265,48.0,2012
47635,17,48.0,2018
47636,93,11.0,2016
47745,15,48.0,2019
47780,14,41.0,2018
47855,93,30.0,2017
47865,208,48.0,2014
47888,93,36.0,2016
47937,208,18.0,2013
47945,208,48.0,2014
48004,14,18.0,2018
48070,93,41.0,2016
48099,17,46.0,2018
48108,12,36.0,2018
48167,208,22.0,2013
48217,14,22.0,2018
48266,31,41.0,2018
48308,208,48.0,2014
48345,93,41.0,2016
48386,93,11.0,2017
48444,14,34.0,2018
48522,265,46.0,2012
48618,208,46.0,2014
48620,208,18.0,2013
48621,32,17.0,2019
48632,17,34.0,2019
48659,220,5.0,2008
48706,93,46.0,2016
48752,16,5.0,2018
48857,12,43.0,2018
49009,208,48.0,2013
49016,93,32.0,2017
49045,208,45.0,2013
49055,12,41.0,2018
49119,93,41.0,2016
49138,17,37.0,2019
49172,32,35.0,2019
49258,32,37.0,2019
49265,12,43.0,2018
49314,14,36.0,2018
49370,93,11.0,2016
49387,32,34.0,2019
49398,208,36.0,2014
49442,93,44.0,2017
49462,208,41.0,2014
49501,14,36.0,2017
49521,93,43.0,2016
49640,208,34.0,2013
49647,31,41.0,2018
49662,32,45.0,2019
49663,208,41.0,2013
49700,208,41.0,2013
49746,14,23.0,2017
49812,208,45.0,2013
49822,208,1.0,2013
49837,14,47.0,2017
49926,208,37.0,2014
49958,93,41.0,2017
50016,208,41.0,2014
50164,12,37.0,2018
50168,208,48.0,2014
50175,14,34.0,2017
50188,93,44.0,2016
50195,17,41.0,2019
50204,208,36.0,2013
50226,93,36.0,2017
50334,14,30.0,2018
50378,15,41.0,2019
50379,208,30.0,2014
50436,220,36.0,2008
50482,208,32.0,2014
50483,32,11.0,2019
50488,12,17.0,2018
50592,208,41.0,2013
50640,93,26.0,2016
50653,111,32.0,2018
50701,208,37.0,2013
50706,19,41.0,2018
50740,208,47.0,2014
50853,14,49.0,2017
50908,208,41.0,2013
50924,208,18.0,2013
51079,17,41.0,2019
51157,93,49.0,2016
51163,93,46.0,2017
51173,17,48.0,2018
51227,208,41.0,2014
51248,208,47.0,2013
51299,265,48.0,2012
51329,14,41.0,2018
51344,14,37.0,2017
51346,208,41.0,2014
51353,208,30.0,2014
51424,16,1.0,2019
51446,17,37.0,2018
51475,208,11.0,2014
51478,245,1.0,2010
51491,208,34.0,2013
51545,220,48.0,2008
51549,208,45.0,2013
51553,17,48.0,2018
51619,208,18.0,2013
51621,12,37.0,2018
51631,208,48.0,2013
51734,93,11.0,2016
51761,93,41.0,2016
51837,33,34.0,2012
51963,93,37.0,2016
52001,14,17.0,2017
52032,208,35.0,2013
52044,208,48.0,2013
52057,208,45.0,2013
52086,17,14.0,2018
52171,93,49.0,2016
52178,32,34.0,2019
52233,12,43.0,2018
52272,208,33.0,2014
52273,208,30.0,2013
52298,208,43.0,2014
52311,17,41.0,2018
52345,93,41.0,2016
52392,208,5.0,2014
52400,208,22.0,2013
52439,93,11.0,2016
52555,15,17.0,2019
52572,16,45.0,2019
52609,208,41.0,2014
52624,32,18.0,2019
52639,16,41.0,2018
52655,93,46.0,2016
52681,93,22.0,2016
52790,93,11.0,2016
52817,208,5.0,2013
52972,14,1.0,2018
53204,208,41.0,2014
53226,208,48.0,2013
53302,12,22.0,2019
53394,208,34.0,2014
53395,208,23.0,2013
53419,208,24.0,2013
53422,14,45.0,2017
53456,265,36.0,2012
53544,208,43.0,2013
53642,208,34.0,2013
53731,17,34.0,2019
53748,15,46.0,2019
53822,220,43.0,2008
53867,208,33.0,2013
54026,208,34.0,2013
54059,208,36.0,2013
54093,14,32.0,2018
54162,16,11.0,2018
54164,17,36.0,2018
54169,245,37.0,2010
54181,93,17.0,2016
54220,208,36.0,2014
54246,19,23.0,2018
54256,208,18.0,2014
54290,208,30.0,2014
54298,208,36.0,2013
54309,208,37.0,2013
54442,93,43.0,2017
54447,208,18.0,2013
54492,208,30.0,2014
54527,208,18.0,2013
54600,208,41.0,2013
54722,208,41.0,2014
54751,208,18.0,2014
54828,93,36.0,2016
54839,208,36.0,2013
54939,14,49.0,2018
55001,17,5.0,2019
55179,17,41.0,2018
55260,245,47.0,2011
55307,208,41.0,2013
55343,208,37.0,2014
55391,93,5.0,2017
55399,93,34.0,2016
55477,17,37.0,2018
55507,32,47.0,2019
55524,208,41.0,2014
55549,93,22.0,2016
55597,208,36.0,2013
55668,14,41.0,2018
55710,93,22.0,2016
55737,208,34.0,2014
55793,208,35.0,2014
55824,208,11.0,2013
55888,208,11.0,2014
55921,19,36.0,2018
55941,17,36.0,2019
56123,265,47.0,2012
56163,93,36.0,2016
56296,12,34.0,2019
56334,208,46.0,2013
56406,17,43.0,2019
56422,208,22.0,2014
56532,17,37.0,2019
56614,208,45.0,2013
56638,208,46.0,2014
56672,17,5.0,2018
56716,93,41.0,2017
56792,208,30.0,2014
56802,265,45.0,2012
56807,111,41.0,2018
56837,17,41.0,2019
56918,14,37.0,2018
56937,12,48.0,2019
57047,14,37.0,2018
57145,16,18.0,2018
57151,265,36.0,2012
57201,208,26.0,2013
57219,16,13.0,2019
57399,93,48.0,2017
57426,93,34.0,2016
57469,208,20.0,2013
57488,208,22.0,2013
57567,208,39.0,2014
57609,93,18.0,2016
57644,93,22.0,2016
57650,32,20.0,2019
57731,15,41.0,2019
57745,208,41.0,2013
57785,208,32.0,2014
57787,208,23.0,2014
57789,208,37.0,2014
57912,208,26.0,2013
57958,111,21.0,2018
58062,208,5.0,2013
58081,208,25.0,2014
58094,208,48.0,2013
58107,14,21.0,2017
58109,93,46.0,2016
58120,93,39.0,2016
58156,208,15.0,2014
58204,14,41.0,2018
58208,265,35.0,2012
58214,14,49.0,2018
58221,12,43.0,2018
58271,208,32.0,2013
58283,265,46.0,2012
58294,208,18.0,2013
58309,14,41.0,2018
58323,17,2.0,2019
58456,208,41.0,2014
58558,14,37.0,2018
58560,208,45.0,2013
58569,208,46.0,2014
58687,93,46.0,2016
58709,265,20.0,2012
58720,93,18.0,2017
58757,208,46.0,2014
58768,208,26.0,2014
58788,208,1.0,2013
58798,93,48.0,2016
58863,208,18.0,2013
58923,208,23.0,2014
58946,16,5.0,2018
58961,14,46.0,2017
58983,208,48.0,2013
59004,17,10.0,2018
59011,208,41.0,2013
59042,93,44.0,2016
59043,14,11.0,2018
59068,14,34.0,2017
59129,208,46.0,2013
59152,208,43.0,2014
59174,17,5.0,2018
59198,208,48.0,2014
59247,93,1.0,2016
59338,208,25.0,2014
59476,32,23.0,2019
59492,208,33.0,2013
59611,208,48.0,2014
59630,93,32.0,2016
59659,208,48.0,2014
59677,32,26.0,2019
59723,16,36.0,2018
59777,208,18.0,2013
59823,208,41.0,2014
59846,208,43.0,2014
59849,19,31.0,2018
59971,12,37.0,2019
59999,208,31.0,2013
60047,17,37.0,2018
60075,208,5.0,2013
60078,32,37.0,2019
60182,208,24.0,2014
60216,208,45.0,2013
60272,93,23.0,2017
60305,93,34.0,2016
60339,208,48.0,2013
60487,208,31.0,2013
60508,208,28.0,2013
60568,208,34.0,2013
60573,93,46.0,2016
60578,208,48.0,2013
60599,111,41.0,2018
60629,208,41.0,2014
60677,208,46.0,2014
60693,208,40.0,2013
60737,208,34.0,2013
60749,93,34.0,2016
60803,208,43.0,2013
60855,208,48.0,2013
60914,208,44.0,2013
60941,208,40.0,2013
60980,93,23.0,2016
61119,31,28.0,2018
61125,265,46.0,2012
61126,17,26.0,2019
61155,208,36.0,2013
61167,17,43.0,2019
61188,208,23.0,2013
61198,208,48.0,2014
61203,208,32.0,2014
61363,14,23.0,2020
61381,208,31.0,2014
61513,208,46.0,2013
61540,93,36.0,2016
61549,265,34.0,2012
61566,93,34.0,2017
61608,17,45.0,2019
61675,16,34.0,2019
61771,14,48.0,2018
61796,208,44.0,2013
61806,208,41.0,2013
61862,208,49.0,2013
61934,93,36.0,2017
61974,208,11.0,2014
62020,208,45.0,2014
62032,208,43.0,2013
62072,208,45.0,2013
62082,12,46.0,2018
62175,208,17.0,2013
62212,17,36.0,2019
62285,93,27.0,2016
62289,93,18.0,2017
62307,93,26.0,2016
62322,208,34.0,2014
62499,19,48.0,2018
62535,33,35.0,2012
62557,32,38.0,2019
62571,208,41.0,2013
62606,208,23.0,2013
62654,208,46.0,2014
62678,208,41.0,2013
62679,208,33.0,2013
62703,12,17.0,2019
62770,17,34.0,2019
62784,93,41.0,2016
62835,14,18.0,2018
62876,208,26.0,2013
62961,208,24.0,2013
63002,33,49.0,2012
63064,208,38.0,2013
63112,93,48.0,2016
63125,208,49.0,2013
63161,12,36.0,2019
63180,111,24.0,2018
63188,17,34.0,2019
63232,93,37.0,2016
63253,32,22.0,2019
63263,16,43.0,2018
63309,32,46.0,2019
63318,208,5.0,2013
63331,17,43.0,2019
63364,14,41.0,2018
63399,14,46.0,2016
63414,14,41.0,2018
63450,14,41.0,2017
63453,93,19.0,2017
63459,208,46.0,2014
63505,208,48.0,2013
63577,12,48.0,2018
63579,16,49.0,2018
63582,208,48.0,2014
63655,17,5.0,2018
63669,15,41.0,2019
63675,93,1.0,2016
63804,208,48.0,2014
63815,14,2.0,2017
63822,16,46.0,2018
63845,14,41.0,2018
64022,208,45.0,2014
64050,208,49.0,2014
64053,93,37.0,2016
64184,32,46.0,2019
64215,93,41.0,2016
64306,208,48.0,2013
64341,19,37.0,2018
64380,208,23.0,2013
64382,14,43.0,2018
64409,208,5.0,2013
64489,208,43.0,2013
64518,32,21.0,2019
64600,14,49.0,2017
64637,32,41.0,2019
64647,32,1.0,2019
64691,93,26.0,2016
64740,208,41.0,2013
64806,208,34.0,2013
64816,208,5.0,2013
64859,208,44.0,2014
64889,208,37.0,2013
64990,111,35.0,2018
65008,12,46.0,2019
65032,208,41.0,2014
65085,208,41.0,2013
65101,208,23.0,2013
65123,208,43.0,2013
65160,208,11.0,2013
65171,93,46.0,2017
65181,12,45.0,2019
65200,93,23.0,2016
65272,208,34.0,2013
65273,208,48.0,2013
65277,208,2.0,2013
65290,208,36.0,2013
65304,14,17.0,2018
65305,208,34.0,2013
65373,17,32.0,2018
65470,93,35.0,2016
65493,93,24.0,2016
65554,208,5.0,2014
65609,208,41.0,2013
65647,208,11.0,2013
65654,208,49.0,2014
65694,208,41.0,2014
65776,111,17.0,2018
65781,14,15.0,2018
65790,93,41.0,2016
65830,208,48.0,2013
65835,12,46.0,2019
65844,208,45.0,2013
65852,14,49.0,2018
65862,93,43.0,2016
65890,12,23.0,2019
65921,17,36.0,2018
65992,208,34.0,2013
66019,265,43.0,2012
66040,15,41.0,2019
66058,17,34.0,2018
66180,17,5.0,2018
66283,208,2.0,2013
66292,16,41.0,2018
66384,208,48.0,2013
66389,208,46.0,2013
66417,14,46.0,2018
66442,265,31.0,2012
66443,93,21.0,2016
66522,16,48.0,2018
66564,14,17.0,2018
66606,208,48.0,2014
66629,208,41.0,2014
66630,93,46.0,2016
66649,17,46.0,2018
66665,208,46.0,2014
66668,12,46.0,2019
66671,32,49.0,2019
66711,93,19.0,2016
66778,16,22.0,2018
66856,208,45.0,2014
66894,14,46.0,2017
66924,93,23.0,2016
66940,14,11.0,2017
66984,14,18.0,2017
67014,93,45.0,2016
67026,208,44.0,2014
67083,208,46.0,2014
67166,265,46.0,2012
67169,245,5.0,2010
67267,14,46.0,2020
67318,208,37.0,2013
67331,208,5.0,2013
67411,14,25.0,2016
67489,93,42.0,2016
67492,16,41.0,2018
67496,14,34.0,2017
67507,17,37.0,2019
67536,208,32.0,2013
67537,17,34.0,2019
67601,14,34.0,2018
67610,208,23.0,2013
67616,208,41.0,2013
67622,93,48.0,2016
67683,93,21.0,2016
67697,17,21.0,2018
67717,15,48.0,2019
67833,93,32.0,2016
67888,111,33.0,2018
67988,208,48.0,2013
68039,14,36.0,2019
68089,17,20.0,2018
68164,14,45.0,2017
68217,12,41.0,2018
68262,265,43.0,2012
68271,93,44.0,2017
68281,93,11.0,2017
68306,17,11.0,2019
68362,208,48.0,2013
68381,14,23.0,2017
68592,14,48.0,2018
68594,12,34.0,2019
68619,208,22.0,2013
68621,16,26.0,2019
68651,208,26.0,2013
68677,208,45.0,2014
68713,19,35.0,2018
68807,93,41.0,2016
68969,14,31.0,2017
68981,93,38.0,2016
68997,208,19.0,2013
69029,208,21.0,2013
69059,208,49.0,2014
69067,14,18.0,2018
69111,208,41.0,2013
69123,19,46.0,2018
69167,93,36.0,2017
69168,208,36.0,2014
69278,220,40.0,2008
69320,14,41.0,2020
69377,19,23.0,2018
69395,12,34.0,2019
69403,12,40.0,2019
69413,208,36.0,2013
69425,208,37.0,2013
69472,208,44.0,2014
69500,208,41.0,2014
69516,14,36.0,2017
69519,208,23.0,2013
69567,208,41.0,2013
69589,208,43.0,2013
69713,245,43.0,2010
69796,111,36.0,2018
69810,208,10.0,2013
69836,12,46.0,2019
69851,93,37.0,2017
69880,14,41.0,2018
69920,208,18.0,2013
69971,265,40.0,2012
69983,208,48.0,2014
69989,15,41.0,2019
70035,208,46.0,2013
70053,93,5.0,2016
70095,208,48.0,2014
70136,220,48.0,2008
70185,93,18.0,2016
70206,208,48.0,2013
70227,208,41.0,2013
70229,208,36.0,2013
70283,93,48.0,2016
70416,208,46.0,2013
70417,14,37.0,2018
70487,19,45.0,2018
70499,93,26.0,2017
70529,208,41.0,2013
70544,245,41.0,2011
70560,17,35.0,2018
70570,208,44.0,2014
70574,17,45.0,2019
70576,208,23.0,2014
70623,208,21.0,2014
70642,17,1.0,2019
70703,208,25.0,2014
70711,33,41.0,2012
70721,208,46.0,2013
70729,208,45.0,2013
70868,208,12.0,2013
70889,93,24.0,2016
70895,17,48.0,2018
70908,14,29.0,2018
71083,93,49.0,2017
71096,208,41.0,2014
71100,93,43.0,2016
71107,33,40.0,2012
71304,208,41.0,2013
71339,208,41.0,2014
71367,93,36.0,2016
71387,93,34.0,2017
71414,14,23.0,2018
71544,15,41.0,2019
71732,93,44.0,2016
71741,93,36.0,2016
71755,12,37.0,2019
71872,17,35.0,2018
71911,111,36.0,2018
71938,208,23.0,2013
72016,208,36.0,2014
72033,208,17.0,2014
72101,14,36.0,2018
72137,32,1.0,2019
72228,208,5.0,2013
72243,93,5.0,2017
72304,17,23.0,2018
72320,93,22.0,2017
72335,208,23.0,2013
72363,17,5.0,2018
72483,32,1.0,2019
72515,14,27.0,2018
72562,19,23.0,2018
72584,208,33.0,2013
72597,208,37.0,2013
72604,14,41.0,2018
72605,208,41.0,2014
72621,265,41.0,2012
72654,208,5.0,2013
72691,93,23.0,2016
72706,208,4.0,2014
72718,208,41.0,2013
72807,208,1.0,2014
72876,32,43.0,2019
72885,15,43.0,2019
72899,12,48.0,2019
72940,93,23.0,2017
73006,14,48.0,2018
73007,12,10.0,2018
73029,208,34.0,2013
73063,208,41.0,2014
73075,208,41.0,2014
73082,208,23.0,2013
73089,19,41.0,2018
73146,17,46.0,2018
73188,208,46.0,2014
73201,93,46.0,2016
73236,15,46.0,2019
73269,14,48.0,2018
73313,14,40.0,2018
73319,93,37.0,2016
73331,265,48.0,2012
73332,93,34.0,2016
73342,208,37.0,2014
73362,14,31.0,2018
73378,265,36.0,2012
73379,14,41.0,2017
73386,17,34.0,2019
73397,93,43.0,2017
73409,17,43.0,2018
73445,208,7.0,2013
73504,208,48.0,2013
73574,19,39.0,2018
73584,208,5.0,2014
73640,208,41.0,2014
73720,208,45.0,2013
73733,19,23.0,2018
73746,208,44.0,2013
73763,245,48.0,2010
73786,17,34.0,2018
73893,16,41.0,2018
74152,208,40.0,2013
74221,12,22.0,2019
74407,93,44.0,2017
74477,17,43.0,2019
74536,208,48.0,2014
74602,17,43.0,2019
74645,208,41.0,2014
74646,208,41.0,2014
74746,32,33.0,2019
74754,208,46.0,2014
74787,14,35.0,2018
74793,208,5.0,2013
74795,208,46.0,2014
74872,208,41.0,2013
74881,12,26.0,2019
74884,93,44.0,2016
74911,208,20.0,2013
74931,14,46.0,2020
74975,265,31.0,2012
74985,17,39.0,2018
75087,32,23.0,2019
75140,93,24.0,2016
75161,14,43.0,2018
75193,208,11.0,2014
75250,208,1.0,2013
75255,208,31.0,2014
75279,208,34.0,2013
75341,17,23.0,2019
75366,19,24.0,2018
75440,17,33.0,2019
75445,208,36.0,2014
75459,12,34.0,2019
75466,208,33.0,2013
75515,111,48.0,2018
75528,208,41.0,2014
75581,14,41.0,2018
75715,93,49.0,2017
75741,208,41.0,2013
75780,208,48.0,2014
75883,12,46.0,2019
75927,93,36.0,2016
75972,14,41.0,2020
76094,93,5.0,2016
76109,208,48.0,2013
76188,19,36.0,2018
76205,208,41.0,2013
76365,208,4.0,2013
76386,93,46.0,2016
76467,208,44.0,2014
76474,208,4.0,2014
76481,14,25.0,2018
76519,17,45.0,2019
76547,93,35.0,2017
76551,16,45.0,2019
76599,93,45.0,2016
76612,208,32.0,2014
76681,208,31.0,2013
76721,208,21.0,2013
76743,14,48.0,2018
76862,208,40.0,2013
76872,17,1.0,2019
76886,265,21.0,2012
76939,208,45.0,2013
76943,208,48.0,2014
76953,12,48.0,2019
77017,208,45.0,2013
77018,93,39.0,2016
77216,111,37.0,2018
77263,14,39.0,2018
77309,93,21.0,2016
77332,14,8.0,2018
77351,208,40.0,2013
77437,208,5.0,2014
77438,208,19.0,2013
77450,208,36.0,2014
77453,93,21.0,2016
77459,12,33.0,2019
77521,17,36.0,2019
77542,208,26.0,2014
77591,265,44.0,2012
77635,32,31.0,2019
77645,208,26.0,2013
77656,14,20.0,2017
77695,17,26.0,2019
77700,17,4.0,2018
77718,208,38.0,2013
77783,93,2.0,2016
77808,14,11.0,2017
77817,208,3.0,2013
77956,17,34.0,2019
78271,208,44.0,2014
78322,111,22.0,2018
78473,208,32.0,2013
78483,14,44.0,2018
78485,208,45.0,2014
78508,208,5.0,2014
78540,14,25.0,2017
78546,93,48.0,2016
78592,208,44.0,2013
78633,17,4.0,2019
78668,33,10.0,2012
78697,19,6.0,2018
78975,208,39.0,2014
79024,93,25.0,2016
79041,93,36.0,2016
79223,93,5.0,2016
79227,208,41.0,2014
79266,16,45.0,2018
79283,265,3.0,2012
79299,208,40.0,2013
79325,32,39.0,2019
79336,265,45.0,2012
79353,14,29.0,2018
79377,19,31.0,2018
79379,208,36.0,2014
79386,208,45.0,2013
79499,208,21.0,2013
79504,14,43.0,2017
79515,208,10.0,2014
79587,208,45.0,2014
79599,208,10.0,2013
79674,208,40.0,2013
79692,93,28.0,2017
79698,208,29.0,2013
79754,17,48.0,2018
79756,17,25.0,2019
79764,93,28.0,2017
79768,16,44.0,2018
79814,208,4.0,2013
79870,93,27.0,2016
79872,208,23.0,2014
79884,111,20.0,2018
79942,208,27.0,2013
79988,208,5.0,2014
79990,93,3.0,2016
80007,17,12.0,2019
80025,31,37.0,2017
80187,208,12.0,2014
80189,32,32.0,2019
80302,14,27.0,2017
80372,208,22.0,2014
80464,111,34.0,2018
80497,14,37.0,2018
80500,208,38.0,2014
80542,14,26.0,2017
80600,208,21.0,2014
80651,17,6.0,2018
80712,265,36.0,2012
80718,111,42.0,2018
80761,208,11.0,2014
80810,111,37.0,2018
80874,93,27.0,2016
80917,93,3.0,2016
80963,12,34.0,2019
80991,208,21.0,2013
81008,93,5.0,2017
81039,208,25.0,2013
81093,15,45.0,2019
81178,93,21.0,2016
81216,208,45.0,2014
81330,93,46.0,2016
81388,265,18.0,2012
81393,93,5.0,2016
81414,208,25.0,2013
81444,19,46.0,2018
81492,19,48.0,2018
81606,15,21.0,2019
81615,208,25.0,2013
81616,12,28.0,2019
81659,33,37.0,2012
81684,208,1.0,2013
81749,93,48.0,2017
81759,93,24.0,2017
81927,208,45.0,2014
81951,208,30.0,2013
81986,208,48.0,2013
82003,19,41.0,2018
82032,93,34.0,2016
82080,208,23.0,2013
82195,14,5.0,2018
82245,14,22.0,2018
82295,12,20.0,2019
82313,32,39.0,2019
82377,14,5.0,2018
82389,208,28.0,2014
82412,32,22.0,2019
82490,208,32.0,2013
82511,208,45.0,2014
82537,208,23.0,2014
82558,93,11.0,2016
82633,16,23.0,2018
82675,111,39.0,2018
82718,12,14.0,2019
82742,93,32.0,2017
82744,93,44.0,2016
82800,15,44.0,2019
82884,14,44.0,2018
82914,32,45.0,2019
82938,208,41.0,2014
83122,208,21.0,2013
83166,208,39.0,2014
83176,208,10.0,2013
83229,208,1.0,2013
83243,12,44.0,2019
83251,14,46.0,2018
83381,17,39.0,2019
83405,208,16.0,2013
83434,208,2.0,2013
83495,111,19.0,2018
83530,14,48.0,2018
83571,208,45.0,2014
83613,208,4.0,2014
83621,265,41.0,2012
83629,208,3.0,2014
83684,208,48.0,2013
83730,208,39.0,2013
83734,17,15.0,2019
83794,93,40.0,2017
83824,19,8.0,2018
83948,208,5.0,2014
83990,208,13.0,2014
84017,93,39.0,2016
84044,208,5.0,2013
84065,19,10.0,2018
84077,14,40.0,2020
84078,93,36.0,2016
84125,93,45.0,2017
84167,14,48.0,2018
84199,12,37.0,2019
84270,208,41.0,2014
84297,208,39.0,2013
84342,208,31.0,2013
84359,208,8.0,2013
84391,208,45.0,2013
84458,208,46.0,2013
84510,208,40.0,2013
84568,208,26.0,2013
84667,31,25.0,2018
84691,208,5.0,2014
84696,14,23.0,2018
84795,14,34.0,2017
84807,208,39.0,2013
84869,32,45.0,2019
84938,208,16.0,2014
84958,17,5.0,2018
84973,93,10.0,2016
85028,14,35.0,2018
85152,14,28.0,2018
85176,14,11.0,2016
85221,17,11.0,2019
85239,111,3.0,2018
85260,16,27.0,2018
85285,14,45.0,2018
85350,208,5.0,2013
85371,93,1.0,2016
85433,17,46.0,2019
85466,14,22.0,2018
85578,208,26.0,2013
85583,93,45.0,2017
85590,14,48.0,2018
85675,208,21.0,2013
85698,208,6.0,2014
85747,17,21.0,2018
85889,208,32.0,2013
85986,265,10.0,2012
85992,208,5.0,2013
86140,208,45.0,2013
86157,14,7.0,2018
86163,16,26.0,2019
86171,93,45.0,2016
86214,208,16.0,2013
86255,93,29.0,2016
86264,93,5.0,2016
86319,93,26.0,2016
86325,208,44.0,2013
86358,16,11.0,2019
86405,208,48.0,2013
86413,93,48.0,2017
86434,111,22.0,2018
86504,32,42.0,2019
86569,220,26.0,2008
86584,208,44.0,2013
86692,208,45.0,2013
86742,19,1.0,2018
86808,208,48.0,2014
86811,208,36.0,2013
86812,93,13.0,2016
86827,208,32.0,2014
86853,93,25.0,2016
86874,208,45.0,2013
86882,93,31.0,2017
86887,265,38.0,2012
86903,208,19.0,2014
87063,265,48.0,2012
87078,208,45.0,2014
87128,208,24.0,2013
87249,208,48.0,2014
87252,265,45.0,2012
87279,265,1.0,2012
87432,32,5.0,2019
87531,93,25.0,2016
87676,14,34.0,2017
87680,16,21.0,2018
87689,93,42.0,2017
87743,14,21.0,2018
87772,93,43.0,2017
87828,19,36.0,2018
87872,93,1.0,2016
87932,16,48.0,2019
87934,208,11.0,2013
87945,93,41.0,2016
88010,93,28.0,2016
88190,208,36.0,2014
88217,93,41.0,2016
88239,17,44.0,2019
88293,208,26.0,2013
88299,208,40.0,2013
88363,16,48.0,2019
88439,208,34.0,2013
88458,32,40.0,2019
88605,265,48.0,2012
88618,208,21.0,2014
88624,265,36.0,2012
88648,208,1.0,2013
88769,93,10.0,2017
88935,17,43.0,2019
89051,12,36.0,2018
89059,14,23.0,2018
89060,208,40.0,2014
89063,111,21.0,2018
89174,17,16.0,2019
89182,17,12.0,2019
89227,208,1.0,2014
89234,93,38.0,2016
89297,17,43.0,2019
89377,208,10.0,2014
89414,208,5.0,2014
89432,93,45.0,2016
89467,17,43.0,2018
89489,208,48.0,2014
89559,208,11.0,2013
89638,12,1.0,2019
89681,208,24.0,2014
89741,265,36.0,2012
89745,208,40.0,2014
89782,208,41.0,2013
89807,208,45.0,2013
89809,14,16.0,2018
89886,19,5.0,2018
89976,32,24.0,2019
90000,208,36.0,2014
90009,14,17.0,2018
90033,265,43.0,2012
90068,14,1.0,2018
90082,208,44.0,2014
90179,19,44.0,2018
90212,208,45.0,2013
90217,208,34.0,2013
90264,208,35.0,2014
90383,208,21.0,2013
90409,93,7.0,2017
90412,208,43.0,2013
90553,17,8.0,2019
90569,208,34.0,2013
90657,208,36.0,2014
90722,208,24.0,2014
90748,208,31.0,2013
90769,12,40.0,2018
90877,14,45.0,2018
90962,208,28.0,2014
90989,208,25.0,2013
91019,208,36.0,2014
91133,16,1.0,2019
91232,17,1.0,2018
91277,220,23.0,2008
91346,12,11.0,2019
91418,208,45.0,2014
91425,208,36.0,2013
91427,208,44.0,2014
91434,208,36.0,2013
91474,16,44.0,2018
91530,208,44.0,2014
91539,208,21.0,2014
91564,93,37.0,2016
91571,208,26.0,2014
91621,93,32.0,2017
91672,14,48.0,2017
91691,93,42.0,2016
91741,17,12.0,2019
91747,208,24.0,2013
91792,17,43.0,2019
91795,93,39.0,2016
91823,16,44.0,2018
91941,12,43.0,2018
91946,208,29.0,2013
92029,265,25.0,2012
92075,93,45.0,2016
92093,208,39.0,2013
92111,208,26.0,2014
92159,208,5.0,2013
92197,12,23.0,2018
92209,208,12.0,2013
92210,208,45.0,2014
92237,208,31.0,2014
92251,208,1.0,2014
92255,14,43.0,2017
92393,14,35.0,2018
92490,208,40.0,2013
92523,14,39.0,2018
92584,93,2.0,2017
92592,93,31.0,2016
92816,12,34.0,2019
92849,16,31.0,2018
92853,93,41.0,2016
92870,12,41.0,2019
92894,208,36.0,2014
92926,17,3.0,2019
92927,32,4.0,2019
92969,93,21.0,2016
93116,14,45.0,2018
93127,208,48.0,2013
93157,208,45.0,2014
93171,14,25.0,2018
93173,14,45.0,2018
93181,17,45.0,2019
93186,14,10.0,2017
93203,208,44.0,2014
93207,208,40.0,2013
93218,208,5.0,2013
93269,17,21.0,2018
93271,12,8.0,2019
93281,14,23.0,2018
93314,208,19.0,2014
93329,12,1.0,2019
93396,16,46.0,2018
93480,93,4.0,2016
93547,17,5.0,2018
93621,17,10.0,2018
93754,14,5.0,2018
93825,208,5.0,2013
93848,93,33.0,2017
93892,14,26.0,2018
93917,32,1.0,2019
94048,208,47.0,2013
94070,208,24.0,2014
94194,19,40.0,2018
94345,208,21.0,2014
94464,93,29.0,2017
94466,208,16.0,2013
94475,17,46.0,2019
94514,19,39.0,2018
94628,265,25.0,2012
94632,32,41.0,2019
94677,208,28.0,2014
94680,17,44.0,2019
94736,208,31.0,2014
94789,14,10.0,2017
94791,93,40.0,2017
94807,208,45.0,2013
94882,208,18.0,2014
94902,12,40.0,2019
94991,208,26.0,2013
94998,208,8.0,2014
95021,93,22.0,2017
95152,93,5.0,2017
95155,208,40.0,2013
95188,265,6.0,2012
95199,208,34.0,2013
95304,208,26.0,2014
95313,93,44.0,2017
95426,14,41.0,2018
95456,93,1.0,2016
95470,265,29.0,2012
95473,93,42.0,2016
95494,208,44.0,2014
95496,111,10.0,2018
95528,208,20.0,2014
95530,93,31.0,2016
95672,208,5.0,2014
95699,208,45.0,2013
95715,208,46.0,2013
95756,208,30.0,2013
95770,93,38.0,2016
95820,93,5.0,2016
95883,208,43.0,2014
95908,208,45.0,2014
95916,17,10.0,2018
96005,15,42.0,2019
96021,93,38.0,2016
96041,93,2.0,2017
96084,12,8.0,2018
96148,16,27.0,2019
96214,208,39.0,2013
96264,19,26.0,2018
96274,265,39.0,2012
96300,208,40.0,2013
96324,208,40.0,2014
96370,93,13.0,2016
96372,93,10.0,2016
96405,265,31.0,2012
96430,208,10.0,2013
96433,208,4.0,2013
96438,208,48.0,2013
96449,208,5.0,2013
96481,208,25.0,2013
96483,12,40.0,2018
96485,16,27.0,2018
96494,93,22.0,2016
96526,208,7.0,2014
96534,208,31.0,2013
96572,208,40.0,2013
96654,208,27.0,2014
96686,93,40.0,2016
96727,208,35.0,2013
96731,17,8.0,2019
96762,93,24.0,2017
96775,15,16.0,2019
96799,208,44.0,2014
96802,17,26.0,2018
96813,208,45.0,2013
96851,208,42.0,2014
96860,93,35.0,2016
96961,208,42.0,2013
96996,208,45.0,2014
97015,93,6.0,2016
97077,208,48.0,2014
97082,208,29.0,2014
97094,208,10.0,2014
97126,17,9.0,2019
97205,93,1.0,2016
97221,19,5.0,2018
97330,93,25.0,2016
97349,32,45.0,2019
97419,15,8.0,2019
97461,208,45.0,2013
97542,14,10.0,2018
97554,208,34.0,2013
97611,265,45.0,2012
97651,265,21.0,2012
97764,32,29.0,2019
97775,17,39.0,2019
97816,208,44.0,2013
97851,208,44.0,2013
97864,208,6.0,2014
97952,208,35.0,2014
97976,208,16.0,2013
98007,208,19.0,2013
98017,17,26.0,2019
98147,208,45.0,2014
98164,208,27.0,2014
98185,17,1.0,2019
98234,208,44.0,2014
98243,93,21.0,2017
98273,32,12.0,2019
98322,12,39.0,2018
98340,15,46.0,2019
98393,208,49.0,2014
98415,208,11.0,2014
98436,208,37.0,2014
98480,93,45.0,2016
98554,208,45.0,2013
98561,93,40.0,2016
98581,93,27.0,2016
98685,208,32.0,2013
98733,111,40.0,2018
98783,15,26.0,2019
98786,14,45.0,2018
98787,208,13.0,2013
98800,208,45.0,2013
98921,265,13.0,2012
98945,208,12.0,2014
99073,208,37.0,2013
99140,32,29.0,2019
99175,16,26.0,2018
99202,208,23.0,2014
99289,14,41.0,2017
99312,14,4.0,2018
99388,93,37.0,2016
99445,208,10.0,2013
99468,31,38.0,2018
99477,12,44.0,2018
99479,17,43.0,2018
99492,32,41.0,2019
99557,14,4.0,2018
99568,16,42.0,2019
99609,208,21.0,2013
99847,16,29.0,2018
99899,208,1.0,2014
99908,17,1.0,2018
99919,208,20.0,2014
99922,93,10.0,2016
99946,93,25.0,2016
99947,208,46.0,2014
99963,208,21.0,2013
99978,93,21.0,2016
99998,208,38.0,2014
100094,17,4.0,2018
100164,14,4.0,2018
100219,32,29.0,2019
100247,16,10.0,2018
100306,208,11.0,2013
100316,208,1.0,2013
100355,208,26.0,2013
100356,14,13.0,2018
100364,208,45.0,2013
100383,208,12.0,2014
100430,12,3.0,2018
100431,208,43.0,2013
100456,208,17.0,2013
100486,208,20.0,2013
100512,93,2.0,2016
100517,208,43.0,2013
100555,265,5.0,2012
100604,12,6.0,2019
100611,14,45.0,2018
100635,208,42.0,2013
100663,208,44.0,2014
100697,208,10.0,2014
100714,93,42.0,2016
100728,93,41.0,2017
100735,12,40.0,2019
100741,208,8.0,2014
100783,93,10.0,2016
100788,31,2.0,2018
100797,93,42.0,2016
100806,15,21.0,2019
100888,12,10.0,2019
100953,16,45.0,2018
100962,93,38.0,2016
100989,208,41.0,2014
101025,93,44.0,2016
101027,208,21.0,2014
101077,15,28.0,2019
101080,265,45.0,2012
101088,208,27.0,2013
101151,12,35.0,2019
101153,19,45.0,2018
101161,208,36.0,2013
101237,14,45.0,2017
101296,93,8.0,2017
101349,93,5.0,2016
101353,14,21.0,2016
101386,208,4.0,2014
101464,93,35.0,2016
101472,16,23.0,2019
101541,208,13.0,2013
101544,93,34.0,2016
101576,14,13.0,2018
101676,12,46.0,2019
101747,93,28.0,2016
101757,17,24.0,2019
101777,93,21.0,2016
101825,208,21.0,2014
101923,12,45.0,2018
102036,208,31.0,2013
102054,208,41.0,2013
102081,208,25.0,2014
102151,14,8.0,2018
102152,31,42.0,2018
102163,93,5.0,2016
102215,208,10.0,2014
102239,14,21.0,2018
102257,111,19.0,2018
102295,208,40.0,2013
102343,12,41.0,2019
102438,14,6.0,2018
102443,19,44.0,2018
102534,93,47.0,2016
102608,15,12.0,2019
102640,16,19.0,2018
102644,93,9.0,2016
102707,14,16.0,2020
102734,208,9.0,2013
102764,208,5.0,2014
102786,32,29.0,2019
102793,16,27.0,2018
102830,93,40.0,2017
102893,208,42.0,2014
102980,14,23.0,2016
102995,208,10.0,2014
103012,208,45.0,2013
103017,208,41.0,2013
103298,32,18.0,2019
103332,93,32.0,2016
103425,93,5.0,2016
103433,208,21.0,2014
103444,208,40.0,2013
103448,208,21.0,2013
103451,111,28.0,2018
103541,17,34.0,2018
103554,208,31.0,2013
103603,208,42.0,2013
103619,15,4.0,2019
103644,208,6.0,2014
103650,208,8.0,2013
103692,245,4.0,2010
103694,12,34.0,2018
103782,111,5.0,2018
103784,12,27.0,2019
103790,19,12.0,2018
103824,93,28.0,2016
103827,14,25.0,2018
103839,208,45.0,2014
103852,93,8.0,2016
103859,208,45.0,2013
103965,12,10.0,2018
103983,19,36.0,2018
104035,208,5.0,2013
104063,93,44.0,2017
104075,17,47.0,2019
104112,19,16.0,2018
104120,16,1.0,2018
104160,208,21.0,2013
104220,32,29.0,2019
104242,265,29.0,2012
104322,17,8.0,2019
104340,93,27.0,2016
104424,208,8.0,2013
104439,32,8.0,2019
104450,32,6.0,2019
104463,32,29.0,2019
104512,93,42.0,2017
104536,93,28.0,2016
104563,208,44.0,2014
104577,12,21.0,2019
104598,208,36.0,2013
104619,93,2.0,2016
104701,208,20.0,2013
104703,208,5.0,2014
104727,208,39.0,2013
104756,208,43.0,2014
104827,208,22.0,2014
104857,208,4.0,2014
104882,208,5.0,2014
104907,208,8.0,2013
104978,93,1.0,2016
105005,31,27.0,2018
105015,208,48.0,2013
105039,208,35.0,2014
105044,208,31.0,2014
105111,32,7.0,2019
105161,208,2.0,2013
105162,208,12.0,2014
105191,265,10.0,2012
105193,93,7.0,2016
105282,12,5.0,2019
105295,12,31.0,2018
105342,208,8.0,2013
105350,208,23.0,2014
105399,32,23.0,2019
105406,208,5.0,2014
105432,33,40.0,2012
105546,93,40.0,2016
105553,265,3.0,2012
105591,12,1.0,2019
105607,19,10.0,2018
105629,208,11.0,2014
105632,208,42.0,2014
105639,15,4.0,2019
105685,16,24.0,2018
105762,208,45.0,2014
105774,12,48.0,2019
105807,93,45.0,2016
105815,14,26.0,2018
105889,14,26.0,2017
105903,208,31.0,2014
105978,32,32.0,2019
105988,208,21.0,2014
105999,12,28.0,2019
106049,17,5.0,2019
106050,208,29.0,2013
106058,14,20.0,2018
106071,208,27.0,2014
106149,14,29.0,2018
106163,93,1.0,2016
106211,17,12.0,2019
106248,208,1.0,2014
106407,14,24.0,2018
106474,93,28.0,2016
106495,93,22.0,2016
106631,208,12.0,2014
106638,265,15.0,2012
106671,17,13.0,2019
106726,16,29.0,2019
106839,14,1.0,2017
106868,32,2.0,2019
107049,17,41.0,2019
107153,208,40.0,2013
107212,14,2.0,2018
107273,14,31.0,2018
107286,14,1.0,2016
107697,14,18.0,2018
107703,14,2.0,2017
107708,208,29.0,2014
107720,208,48.0,2013
107776,19,12.0,2018
107849,208,26.0,2014
107873,111,2.0,2018
107881,208,3.0,2013
108014,208,13.0,2013
108141,19,40.0,2018
108278,93,40.0,2016
108297,93,24.0,2016
108316,208,1.0,2013
108318,208,26.0,2014
108351,265,45.0,2012
108367,12,32.0,2019
108401,208,49.0,2014
108568,208,9.0,2013
108627,12,45.0,2019
108663,93,24.0,2016
108681,208,45.0,2014
108694,93,21.0,2016
108707,265,32.0,2012
108829,17,3.0,2018
108885,208,21.0,2014
108947,208,47.0,2014
108962,14,39.0,2018
109054,32,26.0,2019
109083,12,27.0,2019
109158,14,40.0,2018
109168,208,21.0,2013
109212,12,11.0,2018
109252,14,38.0,2018
109294,14,5.0,2019
109347,208,25.0,2014
109357,208,12.0,2014
109457,111,25.0,2018
109459,208,29.0,2013
109524,12,43.0,2019
109530,208,27.0,2014
109551,208,23.0,2014
109554,208,42.0,2014
109620,208,4.0,2014
109687,208,40.0,2013
109710,14,21.0,2018
109720,14,10.0,2018
109789,93,2.0,2016
109883,111,14.0,2018
109892,208,28.0,2014
109896,208,5.0,2013
109904,208,45.0,2013
109909,208,40.0,2014
109996,17,13.0,2019
110044,265,40.0,2012
110212,265,31.0,2012
110273,93,7.0,2016
110280,208,32.0,2013
110296,93,44.0,2016
110301,208,44.0,2013
110305,208,1.0,2014
110312,14,36.0,2018
110331,17,5.0,2019
110378,12,2.0,2019
110411,32,40.0,2019
110451,32,44.0,2019
110525,14,26.0,2018
110539,93,40.0,2016
110600,265,32.0,2012
110627,14,44.0,2017
110640,17,22.0,2018
110778,14,32.0,2018
110803,93,44.0,2016
110830,32,21.0,2019
110841,93,29.0,2017
110851,111,1.0,2018
110854,208,21.0,2014
110865,265,45.0,2012
110896,208,22.0,2014
110949,14,39.0,2018
111068,14,21.0,2018
111254,208,27.0,2014
111263,208,45.0,2013
111287,111,30.0,2018
111321,16,8.0,2018
111368,93,48.0,2016
111379,93,31.0,2017
111419,93,34.0,2016
111426,208,1.0,2014
111514,208,4.0,2013
111531,14,1.0,2016
111551,93,34.0,2016
111561,208,36.0,2013
111599,14,5.0,2017
111618,32,19.0,2019
111628,208,39.0,2014
111683,15,47.0,2019
111757,93,23.0,2016
111823,208,14.0,2013
111830,32,29.0,2019
111882,208,7.0,2013
111907,208,21.0,2014
111920,19,10.0,2018
111956,16,48.0,2019
111968,208,42.0,2013
112125,17,5.0,2018
112163,208,41.0,2013
112244,32,5.0,2019
112294,12,1.0,2018
112311,220,42.0,2008
112333,17,11.0,2018
112412,93,25.0,2016
112426,208,41.0,2013
112427,208,46.0,2013
112433,208,34.0,2013
112436,16,26.0,2018
112518,208,39.0,2014
112561,93,8.0,2016
112599,208,42.0,2013
112613,17,44.0,2018
112678,16,34.0,2018
112827,208,2.0,2013
112879,31,45.0,2017
112916,93,40.0,2017
112948,208,37.0,2013
112982,208,5.0,2013
112987,32,29.0,2019
112993,14,16.0,2018
113024,111,11.0,2018
113026,265,10.0,2012
113061,17,37.0,2019
113063,208,45.0,2014
113069,93,34.0,2016
113070,16,27.0,2018
113119,14,12.0,2018
113156,208,42.0,2014
113184,208,38.0,2014
113186,265,42.0,2012
113195,208,11.0,2014
113285,208,1.0,2013
113301,93,34.0,2017
113382,208,1.0,2013
113393,14,12.0,2017
113448,17,27.0,2019
113496,17,35.0,2019
113524,16,25.0,2019
113545,93,5.0,2016
113555,208,28.0,2014
113557,19,47.0,2018
113566,93,44.0,2016
113583,14,4.0,2018
113663,208,38.0,2014
113679,208,13.0,2013
113767,14,7.0,2018
113781,208,12.0,2014
113791,14,40.0,2017
113828,17,40.0,2018
113847,12,27.0,2018
113876,15,2.0,2019
113877,265,19.0,2012
113906,111,12.0,2018
114034,208,21.0,2014
114119,208,42.0,2013
114146,208,45.0,2013
114171,111,33.0,2018
114292,33,21.0,2012
114335,17,9.0,2019
114382,265,20.0,2012
114435,93,40.0,2016
114449,208,40.0,2013
114468,208,27.0,2013
114506,208,44.0,2013
114528,208,37.0,2014
114636,32,38.0,2019
114654,208,12.0,2013
114670,93,1.0,2016
114771,208,42.0,2013
114776,265,5.0,2012
114850,208,21.0,2013
114878,208,5.0,2014
114929,111,39.0,2018
114989,17,34.0,2019
114993,93,16.0,2016
114996,93,27.0,2016
115028,93,38.0,2016
115036,208,32.0,2013
115133,14,18.0,2018
115144,93,40.0,2017
115188,32,42.0,2019
115261,208,40.0,2013
115274,208,32.0,2013
115284,93,40.0,2016
115309,17,40.0,2018
115379,208,28.0,2013
115399,16,37.0,2019
115461,208,8.0,2014
115490,93,10.0,2016
115499,265,40.0,2012
115538,208,48.0,2014
115559,17,40.0,2019
115564,93,45.0,2016
115590,93,32.0,2016
115609,208,27.0,2014
115684,12,31.0,2019
115714,100,6.0,2010
115791,245,5.0,2010
115834,220,4.0,2008
115880,208,21.0,2014
115897,208,20.0,2013
115898,208,10.0,2014
115915,32,35.0,2019
115933,208,39.0,2014
115955,12,1.0,2019
115990,208,18.0,2013
116038,208,6.0,2014
116051,111,47.0,2018
116054,111,42.0,2018
116091,208,8.0,2014
116093,93,35.0,2017
116161,17,40.0,2018
116178,93,4.0,2016
116180,208,22.0,2013
116183,17,42.0,2018
116230,17,26.0,2019
116257,208,23.0,2013
116299,17,14.0,2018
116315,19,45.0,2018
116330,208,35.0,2013
116365,33,23.0,2012
116451,208,37.0,2013
116465,208,45.0,2013
116487,17,8.0,2019
116497,93,8.0,2017
116503,93,29.0,2016
116565,17,47.0,2019
116604,16,24.0,2018
116751,208,44.0,2013
116765,208,25.0,2013
116858,208,29.0,2014
116892,93,40.0,2016
116957,93,41.0,2016
116986,208,10.0,2013
116989,93,7.0,2016
117007,208,5.0,2014
117088,12,42.0,2019
117131,208,42.0,2014
117152,208,42.0,2013
117168,208,27.0,2013
117255,111,2.0,2018
117331,93,22.0,2016
117448,265,10.0,2012
117550,208,28.0,2013
117614,93,40.0,2016
117626,93,42.0,2016
117734,17,5.0,2018
117746,17,31.0,2018
117765,93,2.0,2016
117838,93,7.0,2017
117839,208,27.0,2013
117842,208,8.0,2014
117960,265,10.0,2012
117981,15,10.0,2019
118019,245,21.0,2010
118128,14,1.0,2018
118131,14,8.0,2018
118132,208,28.0,2014
118165,93,48.0,2017
118285,208,39.0,2014
118287,17,40.0,2019
118312,208,8.0,2014
118424,93,37.0,2016
118438,31,22.0,2017
118457,14,8.0,2017
118490,208,39.0,2014
118519,208,19.0,2013
118540,208,40.0,2013
118602,245,14.0,2011
118605,208,2.0,2014
118606,208,9.0,2014
118648,208,31.0,2013
118658,14,2.0,2018
118714,208,40.0,2014
118722,93,23.0,2016
118759,208,27.0,2013
118786,14,45.0,2018
118803,208,40.0,2014
118821,208,35.0,2014
118858,265,39.0,2012
118873,208,25.0,2013
118883,208,29.0,2013
118980,208,5.0,2013
119071,208,12.0,2013
119242,208,26.0,2013
119258,14,28.0,2018
119298,245,21.0,2010
119306,208,26.0,2014
119310,208,10.0,2013
119349,16,2.0,2018
119388,265,16.0,2012
119445,93,47.0,2016
119453,208,30.0,2013
119508,208,5.0,2013
119512,93,28.0,2017
119541,208,45.0,2014
119569,208,46.0,2013
119624,208,45.0,2013
119666,12,40.0,2018
119667,208,45.0,2014
119676,208,31.0,2013
119685,265,10.0,2012
119746,208,29.0,2014
119768,265,43.0,2012
119801,12,19.0,2019
119847,93,40.0,2017
119852,208,26.0,2014
119926,16,22.0,2018
119933,16,44.0,2018
119944,208,21.0,2013
120001,17,22.0,2018
120004,208,38.0,2014
120022,17,33.0,2019
120128,208,13.0,2013
120168,208,19.0,2013
120206,32,5.0,2019
120213,12,39.0,2018
120231,17,28.0,2018
120233,32,1.0,2019
120252,265,10.0,2012
120274,12,26.0,2018
120306,16,21.0,2018
120312,208,31.0,2014
120351,17,5.0,2019
120361,93,13.0,2017
120376,208,21.0,2013
120441,14,49.0,2017
120453,17,5.0,2018
120473,265,40.0,2012
120498,14,33.0,2018
120530,93,25.0,2016
120552,208,25.0,2013
120574,14,29.0,2018
120612,17,10.0,2018
120646,208,1.0,2013
120673,208,44.0,2013
120698,208,28.0,2014
120811,12,1.0,2019
120832,14,10.0,2017
120999,208,39.0,2013
121147,208,8.0,2014
121182,14,4.0,2017
121185,208,22.0,2014
121219,12,27.0,2019
121269,93,16.0,2016
121307,93,1.0,2017
121342,208,25.0,2014
121350,15,49.0,2019
121362,93,30.0,2017
121388,33,19.0,2012
121399,208,42.0,2013
121420,111,21.0,2018
121644,93,44.0,2016
121696,93,4.0,2016
121755,208,28.0,2013
121771,16,25.0,2018
121780,17,27.0,2019
121970,208,38.0,2014
121974,208,23.0,2013
122058,208,38.0,2014
122116,208,26.0,2014
122135,19,5.0,2018
122176,14,35.0,2018
122191,208,35.0,2013
122218,265,35.0,2012
122265,17,32.0,2018
122285,208,31.0,2013
122302,93,3.0,2016
122339,208,26.0,2013
122404,208,45.0,2014
122545,17,49.0,2018
122560,208,42.0,2014
122629,208,48.0,2013
122633,14,38.0,2017
122705,208,26.0,2014
122723,93,45.0,2016
122795,208,12.0,2013
122834,93,40.0,2016
122843,32,42.0,2019
122863,93,42.0,2016
122909,14,31.0,2018
122912,111,1.0,2018
122935,208,38.0,2013
123000,208,40.0,2013
123022,93,33.0,2016
123103,208,42.0,2014
123106,208,25.0,2013
123146,93,37.0,2016
123187,208,44.0,2014
123205,14,27.0,2020
123302,208,10.0,2013
123317,208,24.0,2014
123451,208,16.0,2013
123531,208,26.0,2014
123542,208,44.0,2014
123623,208,9.0,2013
123712,16,21.0,2018
123864,17,40.0,2019
123880,14,22.0,2017
123882,111,40.0,2018
124060,208,44.0,2014
124061,100,28.0,2010
124067,208,35.0,2013
124109,17,41.0,2018
124146,32,1.0,2019
124153,265,27.0,2012
124169,208,26.0,2013
124189,265,27.0,2012
124190,93,45.0,2016
124197,208,42.0,2013
124225,14,33.0,2018
124230,17,24.0,2018
124305,17,45.0,2018
124339,93,40.0,2017
124408,14,30.0,2017
124462,208,29.0,2013
124470,17,11.0,2018
124496,93,27.0,2016
124565,208,45.0,2013
124603,208,5.0,2013
124879,208,2.0,2013
124889,208,13.0,2014
124954,32,1.0,2019
125018,93,46.0,2016
125102,208,22.0,2013
125185,208,3.0,2014
125232,208,38.0,2013
125289,208,12.0,2013
125326,14,11.0,2020
125397,14,44.0,2017
125411,208,21.0,2013
125429,93,6.0,2017
125482,208,34.0,2013
125551,17,39.0,2019
125665,208,6.0,2014
125688,93,13.0,2016
125689,93,1.0,2017
125692,19,46.0,2018
125714,12,36.0,2019
125749,32,45.0,2019
125837,208,12.0,2014
125859,208,31.0,2014
125870,17,34.0,2019
125915,16,6.0,2018
125941,208,8.0,2013
125985,93,47.0,2017
125988,17,40.0,2018
126037,208,45.0,2014
126043,208,26.0,2014
126079,17,8.0,2018
126082,12,26.0,2018
126109,208,34.0,2014
126113,208,11.0,2014
126129,208,6.0,2014
126133,208,29.0,2013
126200,93,30.0,2016
126205,208,45.0,2014
126346,208,38.0,2013
126368,111,44.0,2018
126389,32,42.0,2019
126406,208,5.0,2013
126416,208,38.0,2013
126463,93,11.0,2016
126531,208,42.0,2014
126547,12,22.0,2019
126550,208,27.0,2014
126583,208,38.0,2013
126623,12,6.0,2019
126641,19,45.0,2018
126790,208,42.0,2013
126799,17,10.0,2018
126820,208,48.0,2014
126823,208,33.0,2013
126875,208,31.0,2014
126902,93,24.0,2016
127012,208,18.0,2013
127037,14,32.0,2018
127040,208,18.0,2013
127073,93,27.0,2016
127157,12,38.0,2019
127187,14,6.0,2018
127189,111,37.0,2018
127216,208,45.0,2013
127245,208,47.0,2014
127312,19,12.0,2018
127335,208,27.0,2014
127445,17,4.0,2018
127458,208,2.0,2014
127472,19,37.0,2018
127528,32,1.0,2019
127531,208,5.0,2013
127632,208,39.0,2013
127775,14,42.0,2018
127816,14,31.0,2017
127818,14,5.0,2020
127910,208,41.0,2013
128068,33,10.0,2012
128098,14,5.0,2020
128099,208,45.0,2013
128140,17,23.0,2019
128142,208,40.0,2013
128208,208,19.0,2013
128283,16,28.0,2019
128340,93,6.0,2016
128357,208,21.0,2014
128476,208,6.0,2014
128518,208,40.0,2013
128588,17,2.0,2019
128713,208,11.0,2014
128833,208,8.0,2014
128913,208,10.0,2014
128966,17,5.0,2019
129016,208,38.0,2013
129135,17,20.0,2019
129156,111,21.0,2018
129166,208,42.0,2014
129224,208,48.0,2013
129225,93,1.0,2016
129232,14,27.0,2018
129235,93,5.0,2016
129273,208,10.0,2014
129302,17,39.0,2019
129331,12,42.0,2019
129444,208,40.0,2014
129449,208,26.0,2013
129453,208,10.0,2014
129464,208,48.0,2013
129515,265,20.0,2012
129565,208,28.0,2014
129566,93,10.0,2016
129590,208,40.0,2014
129601,208,45.0,2013
129653,208,16.0,2013
129709,14,47.0,2018
129736,208,30.0,2013
129739,93,40.0,2016
129760,208,27.0,2013
129788,93,42.0,2016
129801,15,9.0,2019
129817,93,22.0,2016
129867,14,33.0,2017
129910,14,8.0,2018
130014,208,10.0,2014
130113,14,28.0,2017
130177,93,22.0,2016
130185,245,41.0,2010
130191,17,12.0,2019
130203,208,5.0,2013
130205,12,47.0,2019
130288,14,5.0,2018
130331,208,5.0,2014
130383,19,48.0,2018
130424,208,40.0,2014
130450,208,45.0,2014
130480,208,34.0,2013
130495,208,29.0,2013
130518,17,21.0,2019
130607,245,21.0,2010
130640,93,27.0,2016
130698,17,26.0,2019
130730,17,26.0,2018
130777,93,7.0,2017
130925,208,26.0,2014
130930,208,40.0,2014
130990,14,40.0,2018
131004,19,40.0,2018
131011,93,40.0,2017
131035,208,12.0,2013
131039,208,40.0,2014
131062,208,41.0,2014
131072,93,15.0,2017
131113,93,21.0,2017
131136,17,28.0,2018
131182,17,34.0,2018
131244,17,28.0,2019
131248,208,35.0,2013
131269,208,28.0,2014
131281,17,5.0,2019
131290,208,41.0,2013
131381,32,24.0,2019
131536,93,42.0,2017
131542,14,25.0,2019
131580,208,21.0,2013
131636,245,28.0,2010
131795,14,3.0,2018
131828,31,2.0,2018
131891,14,25.0,2018
131902,208,5.0,2014
131921,16,26.0,2018
131939,111,40.0,2018
131978,19,31.0,2018
132019,208,26.0,2014
132042,208,10.0,2014
132071,208,40.0,2013
132073,32,34.0,2019
132093,17,19.0,2018
132123,208,45.0,2013
132153,245,10.0,2010
132159,208,48.0,2013
132172,208,17.0,2013
132181,265,44.0,2012
132328,16,43.0,2019
132376,12,12.0,2019
132391,208,28.0,2014
132398,208,31.0,2013
132422,208,24.0,2013
132453,93,10.0,2016
132457,208,45.0,2014
132488,208,21.0,2014
132533,208,26.0,2014
132541,208,13.0,2014
132555,93,40.0,2016
132640,208,12.0,2014
132655,15,40.0,2019
132691,93,6.0,2016
132767,16,24.0,2018
132801,208,13.0,2014
132877,208,17.0,2013
132915,208,5.0,2014
133050,93,8.0,2016
133093,93,5.0,2016
133122,14,35.0,2018
133139,14,42.0,2018
133234,208,2.0,2013
133266,14,18.0,2017
133273,93,27.0,2017
133285,208,21.0,2013
133303,93,2.0,2016
133318,14,5.0,2018
133421,265,39.0,2012
133483,93,2.0,2016
133508,14,18.0,2018
133541,208,40.0,2013
133616,208,1.0,2014
133695,208,8.0,2014
133701,14,2.0,2017
133917,208,40.0,2014
133939,14,21.0,2018
133999,208,13.0,2013
134153,17,26.0,2018
134186,93,21.0,2017
134190,208,39.0,2013
134270,93,39.0,2017
134272,208,5.0,2013
134300,93,47.0,2016
134345,17,41.0,2019
134381,208,5.0,2014
134473,93,31.0,2016
134505,208,1.0,2013
134543,19,45.0,2018
134556,208,18.0,2014
134583,208,20.0,2014
134593,14,25.0,2018
134596,208,8.0,2014
134637,208,43.0,2013
134650,31,28.0,2018
134658,14,6.0,2017
134674,208,44.0,2013
134725,93,29.0,2016
134766,14,19.0,2018
134781,17,48.0,2018
134813,93,24.0,2016
134856,208,20.0,2014
134960,14,39.0,2018
135034,208,32.0,2014
135071,12,21.0,2018
135207,14,45.0,2018
135213,17,45.0,2019
135296,208,20.0,2013
135401,208,48.0,2013
135422,208,45.0,2013
135491,14,45.0,2017
135545,208,20.0,2014
135553,208,42.0,2014
135676,17,40.0,2018
135760,208,21.0,2014
135789,17,12.0,2018
135806,208,44.0,2014
135856,208,9.0,2014
135918,14,48.0,2018
135930,208,45.0,2014
135958,208,27.0,2014
136032,93,38.0,2016
136056,208,45.0,2013
136128,208,29.0,2014
136265,93,25.0,2016
136339,208,39.0,2013
136364,208,20.0,2014
136370,32,48.0,2019
136409,220,28.0,2008
136600,14,1.0,2017
136630,208,10.0,2014
136690,208,30.0,2014
136709,14,4.0,2019
136760,208,16.0,2013
136774,208,42.0,2014
136867,32,13.0,2019
136955,12,20.0,2019
137016,93,8.0,2016
137038,17,43.0,2019
137123,17,26.0,2019
137174,208,41.0,2013
137190,208,25.0,2014
137271,208,2.0,2014
137355,208,49.0,2013
137379,12,26.0,2018
137405,17,5.0,2019
137467,208,26.0,2013
137481,208,21.0,2013
137488,208,4.0,2014
137638,208,13.0,2014
137656,208,35.0,2014
137738,111,35.0,2018
137780,14,44.0,2018
137808,208,48.0,2013
137955,208,20.0,2013
138026,16,31.0,2018
138090,265,29.0,2012
138101,17,1.0,2019
138118,208,1.0,2013
138158,208,39.0,2013
138170,208,26.0,2014
138187,14,5.0,2018
138202,16,28.0,2019
138266,14,44.0,2018
138281,93,10.0,2016
138323,19,23.0,2018
138401,208,28.0,2014
138411,208,5.0,2013
138433,14,48.0,2018
138458,208,1.0,2014
138473,208,45.0,2013
138486,32,31.0,2019
138547,93,45.0,2017
138668,208,36.0,2014
138682,17,6.0,2018
138697,12,4.0,2019
138698,17,30.0,2019
138790,93,9.0,2016
138793,93,44.0,2016
138809,17,43.0,2018
138829,208,23.0,2014
138834,208,42.0,2014
138871,14,31.0,2017
138897,17,36.0,2019
138913,208,44.0,2013
139045,15,37.0,2019
139092,208,28.0,2013
139177,208,38.0,2013
139250,12,46.0,2018
139268,208,44.0,2013
139342,93,5.0,2016
139391,12,28.0,2019
139500,208,26.0,2014
139595,208,1.0,2013
139634,208,42.0,2013
139662,17,42.0,2019
139682,32,1.0,2019
139683,14,18.0,2017
139688,14,45.0,2020
139868,93,34.0,2017
139884,208,37.0,2014
139943,12,47.0,2018
139952,93,39.0,2016
139982,93,46.0,2016
140025,93,27.0,2016
140213,93,47.0,2017
140301,93,22.0,2016
140306,93,35.0,2017
140315,208,25.0,2013
140402,17,43.0,2019
140446,12,48.0,2018
140467,208,45.0,2014
140491,208,13.0,2014
140502,245,1.0,2011
140521,16,40.0,2018
140541,208,12.0,2013
140741,208,49.0,2014
140773,208,25.0,2013
140774,93,42.0,2016
140791,208,33.0,2014
140871,19,1.0,2018
140872,14,43.0,2017
140880,208,21.0,2014
140888,31,2.0,2018
140890,14,41.0,2018
140970,32,42.0,2019
140980,265,25.0,2012
140985,17,35.0,2018
140989,16,10.0,2019
141000,93,11.0,2017
141117,17,4.0,2019
141139,208,17.0,2014
141199,12,37.0,2019
141362,93,40.0,2016
141374,17,28.0,2019
141438,208,29.0,2014
141464,208,1.0,2013
141471,93,10.0,2016
141482,111,25.0,2018
141529,208,35.0,2014
141539,12,40.0,2018
141621,208,28.0,2013
141643,208,26.0,2013
141685,17,32.0,2019
141710,93,19.0,2016
141722,93,28.0,2016
141771,245,10.0,2011
141865,16,25.0,2019
141906,208,39.0,2013
141989,208,41.0,2014
141991,14,40.0,2018
142003,265,42.0,2012
142012,208,1.0,2014
142069,208,6.0,2013
142084,93,26.0,2016
142152,17,28.0,2018
142165,93,10.0,2016
142193,208,35.0,2014
142220,208,10.0,2014
142302,208,44.0,2013
142317,208,31.0,2014
142329,208,39.0,2014
142336,208,13.0,2013
142337,93,47.0,2017
142354,16,2.0,2019
142359,32,40.0,2019
142387,14,42.0,2016
142402,208,29.0,2013
142444,220,5.0,2008
142476,208,41.0,2014
142584,19,6.0,2018
142631,208,35.0,2013
142642,93,10.0,2016
142681,208,12.0,2013
142702,111,44.0,2018
142722,208,22.0,2014
142760,208,5.0,2013
142796,93,29.0,2017
142837,93,42.0,2016
142866,14,43.0,2017
142877,208,26.0,2013
142889,208,13.0,2013
142916,14,39.0,2018
142942,93,23.0,2016
143014,12,27.0,2019
143024,208,45.0,2013
143094,93,32.0,2016
143149,208,1.0,2014
143175,208,39.0,2014
143194,32,21.0,2019
143292,208,42.0,2013
143349,208,5.0,2014
143391,265,21.0,2012
143435,12,27.0,2019
143531,14,30.0,2018
143534,17,17.0,2019
143545,14,27.0,2018
143558,208,21.0,2013
